Абрам,Abram,M,Russian
Абрам,Abram,M,Ukrainian
愛,Ai,F,Japanese
愛子,Aiko,F,Japanese
Александр,Aleksandr,M,Russian
Александра,Aleksandra,F,Russian
ალექსანდრე,Aleksandre,M,Georgian
Алексей,Aleksey,M,Russian
Ալեքս,Alekʼs,M,Armenian
Ալեն,Alen,M,Armenian
ანა,Ana,F,Georgian
Անահիտ,Anahit,F,Armenian
Анастасия,Anastasiya,F,Russian
Анастасія,Anastasiya,F,Ukrainian
Анатолій,Anatoliy,M,Ukrainian
Анатолий,Anatoly,M,Russian
Андрей,Andrey,M,Russian
Андрій,Andriy,M,Ukrainian
Անգելինա,Angelina,F,Armenian
Անի,Ani,F,Armenian
Анна,Anna,F,Russian
Աննա,Anna,F,Armenian
Անուշ,Anush,F,Armenian
Արամ,Aram,M,Armenian
Արեն,Aren,M,Armenian
Արման,Arman,M,Armenian
Արմեն,Armen,M,Armenian
Արսեն,Arsen,M,Armenian
Արտյոմ,Artyom,M,Armenian
Արթուր,Artʼur,M,Armenian
Աշոտ,Ashot,M,Armenian
敦夫,Atsuo,M,Japanese
ავთანდილი,Avtandili,M,Georgian
彩,Aya,F,Japanese
綾,Aya,F,Japanese
歩,Ayumi,F,Japanese
柏翰,Bǎihàn,M,Chinese
Борис,Boris,M,Russian
Борис,Borys,M,Ukrainian
超,Chāo,M,Chinese
承翰,Chénghàn,M,Chinese
千恵子,Chieko,F,Japanese
大悟,Daigo,M,Japanese
太吾,Daigo,M,Japanese
Дарʼя,Darya,F,Ukrainian
Дарья,Darya,F,Russian
დავითი,Daviti,M,Georgian
Դավիթ,Davitʼ,M,Armenian
Дмитрий,Dmitry,M,Russian
Дмитро,Dmytro,M,Ukrainian
英次郎,Eijirō,M,Japanese
英子,Eiko,F,Japanese
ეკატერინე,Ekʼatʼerine,F,Georgian
Էլեն,Ēlen,F,Armenian
恵美,Emi,F,Japanese
絵美,Emi,F,Japanese
恵美子,Emiko,F,Japanese
笑子,Emiko,F,Japanese
Էրիկ,Ērik,M,Armenian
ეთერი,Eteri,F,Georgian
芳,Fāng,F,Chinese
藤夫,Fujio,M,Japanese
Գագիկ,Gagik,M,Armenian
Галина,Galina,F,Russian
刚,Gāng,M,Chinese
Գայանե,Gayane,F,Armenian
Геннадий,Gennady,M,Russian
Георгий,Georgy,M,Russian
Գեւորգ,Gevorg,M,Armenian
გიორგი,Giorgi,M,Georgian
გივი,Givi,M,Georgian
გოჩა,Gocha,M,Georgian
Գոհար,Gohar,F,Armenian
Գոռ,Goṙ,M,Armenian
Григорий,Grigory,M,Russian
冠霖,Guānlín,M,Chinese
冠廷,Guāntíng,M,Chinese
冠宇,Guānyǔ,M,Chinese
桂英,Guìyīng,F,Chinese
გურამი,Gurami,M,Georgian
Галина,Halyna,F,Ukrainian
英恵,Hanae,F,Japanese
花子,Hanako,F,Japanese
華子,Hanako,F,Japanese
Ганна,Hanna,F,Ukrainian
Հասմիկ,Hasmik,F,Armenian
Հայկ,Hayk,M,Armenian
Геннадій,Hennadiy,M,Ukrainian
Георгій,Heorhiy,M,Ukrainian
弘,Hiroshi,M,Japanese
裕,Hiroshi,M,Japanese
博之,Hiroyuki,M,Japanese
宏之,Hiroyuki,M,Japanese
弘之,Hiroyuki,M,Japanese
久代,Hisayo,F,Japanese
Հովհաննես,Hovhannes,M,Armenian
Григорій,Hryhoriy,M,Ukrainian
慧君,Huìjūn,F,Chinese
惠如,Huìrú,F,Chinese
惠婷,Huìtíng,F,Chinese
惠雯,Huìwén,F,Chinese
一子,Ichiko,F,Japanese
一朗,Ichirō,M,Japanese
一郎,Ichirō,M,Japanese
Игорь,Igor,M,Russian
Ігор,Ihor,M,Ukrainian
Ілля,Illya,M,Ukrainian
Илья,Ilya,M,Russian
ირაკლი,Irakʼli,M,Georgian
Ирина,Irina,F,Russian
ირმა,Irma,F,Georgian
Ірина,Iryna,F,Ukrainian
Иван,Ivan,M,Russian
Іван,Ivan,M,Ukrainian
Иванна,Ivanna,F,Russian
Іванна,Ivanna,F,Ukrainian
Ивета,Iveta,F,Russian
家豪,Jiāháo,M,Chinese
佳桦,Jiāhuà,F,Chinese
佳慧,Jiāhuì,F,Chinese
佳玲,Jiālíng,F,Chinese
嘉玲,Jiālíng,F,Chinese
家铭,Jiāmíng,M,Chinese
建国,Jiànguó,M,Chinese
建宏,Jiànhóng,M,Chinese
佳蓉,Jiāróng,F,Chinese
家玮,Jiāwěi,M,Chinese
佳颖,Jiāyǐng,F,Chinese
家瑜,Jiāyú,F,Chinese
杰,Jié,M,Chinese
静,Jìng,F,Chinese
静宜,Jìngyí,F,Chinese
静怡,Jìngyí,F,Chinese
二郎,Jirō,M,Japanese
次郎,Jirō,M,Japanese
娟,Juān,F,Chinese
淳,Jun,N,Japanese
潤,Jun,N,Japanese
純,Jun,N,Japanese
順,Jun,N,Japanese
军,Jūn,M,Chinese
俊宏,Jùnhóng,M,Chinese
俊杰,Jùnjié,M,Chinese
純子,Junko,F,Japanese
順子,Junko,F,Japanese
俊贤,Jùnxián,M,Chinese
楓,Kaede,F,Japanese
香苗,Kanae,F,Japanese
香織,Kaori,F,Japanese
薫,Kaoru,N,Japanese
香,Kaoru,F,Japanese
Կարեն,Karen,M,Armenian
Կարինե,Karine,F,Armenian
Катерина,Kateryna,F,Ukrainian
和宏,Kazuhiro,M,Japanese
和弘,Kazuhiro,M,Japanese
和巳,Kazumi,M,Japanese
和美,Kazumi,F,Japanese
恵子,Keiko,F,Japanese
敬子,Keiko,F,Japanese
健一,Ken’ichi,M,Japanese
謙一,Ken’ichi,M,Japanese
賢一,Ken’ichi,M,Japanese
健太郎,Kentarō,M,Japanese
ქეთევანი,Ketevani,F,Georgian
ხათუნა,Khatuna,F,Georgian
Кирилл,Kirill,M,Russian
Константин,Konstantin,M,Russian
Костянтин,Kostyantin,M,Ukrainian
Ксения,Kseniya,F,Russian
久美子,Kumiko,F,Japanese
Кирило,Kyrylo,M,Ukrainian
ლალი,Lali,F,Georgian
Лара,Lara,F,Russian
Лариса,Larisa,F,Russian
Лариса,Larysa,F,Ukrainian
ლაშა,Lasha,M,Georgian
磊,Lěi,M,Chinese
Леонид,Leonid,M,Russian
Леонід,Leonid,M,Ukrainian
Лев,Lev,M,Russian
ლევანი,Levani,M,Georgian
Լեւոն,Levon,M,Armenian
丽,Lì,F,Chinese
ლია,Lia,F,Georgian
ლიანა,Liana,F,Georgian
Лидия,Lidiya,F,Russian
立煌,Lìhuáng,M,Chinese
Լիլիթ,Lilitʼ,F,Armenian
Любов,Lyubov,F,Ukrainian
Любовь,Lyubov,F,Russian
Людмила,Lyudmila,F,Russian
Людмила,Lyudmyla,F,Ukrainian
მაია,Maia,F,Georgian
真,Makoto,N,Japanese
誠,Makoto,N,Japanese
Максим,Maksim,M,Russian
Максим,Maksym,M,Ukrainian
მამუკა,Mamukʼa,M,Georgian
მანანა,Manana,F,Georgian
Մանե,Mane,F,Armenian
Մարի,Mari,F,Armenian
Մարիա,Maria,F,Armenian
Մարիամ,Mariam,F,Armenian
მარიამი,Mariami,F,Georgian
Մարիաննա,Marianna,F,Armenian
真理子,Mariko,F,Japanese
მარინა,Marina,F,Georgian
მარინე,Marine,F,Georgian
Мария,Mariya,F,Russian
Марія,Mariya,F,Ukrainian
正夫,Masao,M,Japanese
正雄,Masao,M,Japanese
正人,Masato,M,Japanese
恵,Megumi,F,Japanese
恵美,Megumi,F,Japanese
美玲,Měilíng,F,Chinese
მერაბი,Merabi,M,Georgian
Մերի,Meri,F,Armenian
Михаил,Mikhail,M,Russian
მიხეილი,Mikheili,M,Georgian
Միլենա,Milena,F,Armenian
敏,Mǐn,F,Chinese
明,Míng,M,Chinese
未来,Mirai,N,Japanese
Мирослав,Miroslav,M,Russian
三男,Mitsuo,M,Japanese
光夫,Mitsuo,M,Japanese
Михайло,Mykhaylo,M,Ukrainian
Михайлина,Mykhaylyna,F,Ukrainian
Микола,Mykola,M,Ukrainian
Миколай,Mykolay,M,Ukrainian
Мирослав,Myroslav,M,Ukrainian
მზია,Mzia,F,Georgian
娜,Nà,F,Chinese
Надежда,Nadezhda,F,Russian
Надiя,Nadiya,F,Ukrainian
Надя,Nadya,F,Russian
Надя,Nadya,F,Ukrainian
ნანა,Nana,F,Georgian
奈緒,Nao,F,Japanese
直,Nao,F,Japanese
直,Naoshi,M,Japanese
Նարե,Nare,F,Armenian
Նարեկ,Narek,M,Armenian
Նատալի,Natali,F,Armenian
Наталия,Nataliya,F,Russian
Наталія,Nataliya,F,Ukrainian
Наталья,Natalya,F,Russian
Наташа,Natasha,F,Russian
Наташа,Natasha,F,Ukrainian
ნათელა,Natela,F,Georgian
ნათია,Natia,F,Georgian
Николай,Nikolay,M,Russian
ნიკოლოზი,Nikʼolozi,M,Georgian
ნინო,Nino,F,Georgian
信弘,Nobuhiro,M,Japanese
信雄,Nobuo,M,Japanese
ნოდარი,Nodari,M,Georgian
Оксана,Oksana,F,Ukrainian
Олекса,Oleksa,M,Ukrainian
Олександр,Oleksandr,M,Ukrainian
Олександра,Oleksandra,F,Ukrainian
Олексій,Oleksiy,M,Ukrainian
Олена,Olena,F,Ukrainian
Ольга,Olga,F,Russian
Ольга,Olha,F,Ukrainian
ოთარი,Otari,M,Georgian
Павел,Pavel,M,Russian
Павло,Pavlo,M,Ukrainian
佩君,Pèijūn,F,Chinese
佩珊,Pèishān,F,Chinese
Петро,Petro,M,Ukrainian
平,Píng,M,Chinese
Полина,Polina,F,Russian
Поліна,Polina,F,Ukrainian
Пётр,Pyotr,M,Russian
强,Qiáng,M,Chinese
怜,Rei,F,Japanese
麗,Rei,F,Japanese
莉奈,Rina,F,Japanese
Роман,Roman,M,Russian
Роман,Roman,M,Ukrainian
Рoмaна,Romana,F,Russian
Рoмaна,Romana,F,Ukrainian
Руслан,Ruslan,M,Russian
Руслан,Ruslan,M,Ukrainian
Ռուզաննա,Ṙuzanna,F,Armenian
竜,Ryū,M,Japanese
隆三,Ryūzō,M,Japanese
三郎,Saburō,M,Japanese
栄,Sakae,N,Japanese
咲,Saki,F,Japanese
咲良,Sakura,F,Japanese
桜,Sakura,F,Japanese
Սամվել,Samvel,M,Armenian
Սարգիս,Sargis,M,Armenian
Сергей,Sergey,M,Russian
Сергій,Serhiy,M,Ukrainian
茂樹,Shigeki,M,Japanese
茂,Shigeru,M,Japanese
诗涵,Shīhán,F,Chinese
慎太郎,Shintarō,M,Japanese
诗婷,Shītíng,F,Chinese
静,Shizuka,F,Japanese
静香,Shizuka,F,Japanese
淑芬,Shūfēn,F,Chinese
淑华,Shūhuá,F,Chinese
淑惠,Shūhuì,F,Chinese
淑慧,Shūhuì,F,Chinese
淑娟,Shūjuān,F,Chinese
淑玲,Shūlíng,F,Chinese
淑贞,Shūzhēn,F,Chinese
思颖,Sīyǐng,F,Chinese
Софія,Sofiya,F,Ukrainian
Софья,Sofya,F,Russian
Սոնա,Sona,F,Armenian
Соня,Sonya,F,Russian
Соня,Sonya,F,Ukrainian
Станислав,Stanislav,M,Russian
Станіслав,Stanislav,M,Ukrainian
Սուսաննա,Susanna,F,Armenian
Светлана,Svetlana,F,Russian
Світлана,Svitlana,F,Ukrainian
Святослав,Svyatoslav,M,Russian
Святослав,Svyatoslav,M,Ukrainian
忠男,Tadao,M,Japanese
忠雄,Tadao,M,Japanese
武,Takeshi,M,Japanese
Тамара,Tamara,F,Russian
თამარი,Tamari,F,Georgian
თამაზი,Tamazi,M,Georgian
Таня,Tanya,F,Russian
涛,Tāo,M,Chinese
太郎,Tarō,M,Japanese
Татьяна,Tatyana,F,Russian
貞子,Teiko,F,Japanese
თეიმურაზი,Teimurazi,M,Georgian
哲,Tetsu,M,Japanese
哲朗,Tetsurō,M,Japanese
哲郎,Tetsurō,M,Japanese
Тетяна,Tetyana,F,Ukrainian
Տիգրան,Tigran,M,Armenian
Тимур,Timur,M,Russian
婷婷,Tíngtíng,F,Chinese
庭玮,Tíngwěi,F,Chinese
富子,Tomiko,F,Japanese
知子,Tomoko,F,Japanese
俊光,Toshimitsu,M,Japanese
Վահե,Vahe,M,Armenian
Валентин,Valentin,M,Russian
Валентина,Valentina,F,Russian
Валентин,Valentyn,M,Ukrainian
Валентина,Valentyna,F,Ukrainian
Валерій,Valeriy,M,Ukrainian
Валерия,Valeriya,F,Russian
Валерія,Valeriya,F,Ukrainian
Валерий,Valery,M,Russian
Վարդան,Vardan,M,Armenian
Василий,Vasily,M,Russian
Василь,Vasyl,M,Ukrainian
Вера,Vera,F,Russian
Виктор,Viktor,M,Russian
Віктор,Viktor,M,Ukrainian
Виктория,Viktoriya,F,Russian
Вікторія,Viktoriya,F,Ukrainian
Վիկտորյա,Viktorya,F,Armenian
Віра,Vira,F,Ukrainian
Владимир,Vladimir,M,Russian
Володимир,Volodymyr,M,Ukrainian
Вʼячеслав,Vyacheslav,M,Ukrainian
Вячеслав,Vyacheslav,M,Russian
Вʼячеслава,Vyacheslava,F,Ukrainian
Вячеслава,Vyacheslava,F,Russian
婉婷,Wǎntíng,F,Chinese
琬婷,Wǎntíng,F,Chinese
伟,Wěi,M,Chinese
玮婷,Wěitíng,F,Chinese
威廷,Wēitíng,M,Chinese
霞,Xiá,F,Chinese
筱涵,Xiǎohán,F,Chinese
晓理,Xiǎolǐ,F,Chinese
晓媛,Xiǎoyuàn,F,Chinese
信宏,Xìnhóng,M,Chinese
心怡,Xīnyí,F,Chinese
欣怡,Xīnyí,F,Chinese
馨仪,Xīnyí,F,Chinese
秀兰,Xiùlán,F,Chinese
秀英,Xiùyīng,F,Chinese
雅芳,Yǎfāng,F,Chinese
雅涵,Yǎhán,F,Chinese
雅惠,Yǎhuì,F,Chinese
雅慧,Yǎhuì,F,Chinese
Яків,Yakiv,M,Ukrainian
Яков,Yakov,M,Russian
雅玲,Yǎlíng,F,Chinese
艳,Yàn,F,Chinese
洋,Yáng,M,Chinese
彦廷,Yàntíng,M,Chinese
雅萍,Yǎpíng,F,Chinese
雅琪,Yǎqí,F,Chinese
弥太郎,Yatarō,M,Japanese
雅婷,Yǎtíng,F,Chinese
雅文,Yǎwén,F,Chinese
雅雯,Yǎwén,F,Chinese
雅筑,Yǎzhù,F,Chinese
Егор,Yegor,M,Russian
Єгор,Yehor,M,Ukrainian
Екатерина,Yekaterina,F,Russian
Елена,Yelena,F,Russian
Єлена,Yelena,F,Ukrainian
Елизавета,Yelizaveta,F,Russian
Єлизавета,Yelyzaveta,F,Ukrainian
Եվա,Yeva,F,Armenian
Евдокия,Yevdokiya,F,Russian
Євдокія,Yevdokiya,F,Ukrainian
Евгения,Yevgeniya,F,Russian
Евгений,Yevgeny,M,Russian
Євген,Yevhen,M,Ukrainian
Євгеній,Yevheniy,M,Ukrainian
Євгенія,Yevheniya,F,Ukrainian
怡安,Yíān,F,Chinese
宜君,Yíjūn,F,Chinese
怡君,Yíjūn,F,Chinese
怡伶,Yílíng,F,Chinese
怡如,Yírú,F,Chinese
宜庭,Yítíng,F,Chinese
怡婷,Yítíng,F,Chinese
依婷,Yītíng,F,Chinese
怡萱,Yíxuān,F,Chinese
洋二,Yōji,M,Japanese
洋司,Yōji,M,Japanese
勇,Yǒng,M,Chinese
祐二,Yūji,M,Japanese
裕士,Yūji,M,Japanese
由貴,Yuki,N,Japanese
勇気,Yūki,N,Japanese
幸雄,Yukio,M,Japanese
行雄,Yukio,M,Japanese
優子,Yūko,F,Japanese
悠子,Yūko,F,Japanese
Юлия,Yuliya,F,Russian
Юлія,Yuliya,F,Ukrainian
由美,Yumi,F,Japanese
裕美,Yumi,F,Japanese
Юрій,Yuriy,M,Ukrainian
Юрий,Yury,M,Russian
郁婷,Yùtíng,F,Chinese
钰婷,Yùtíng,F,Chinese
郁雯,Yùwén,F,Chinese
宇轩,Yǔxuān,M,Chinese
ზაზა,Zaza,M,Georgian
兆铭,Zhàomíng,M,Chinese
哲玮,Zhéwěi,M,Chinese
志豪,Zhìháo,M,Chinese
志宏,Zhìhóng,M,Chinese
志杰,Zhìjié,M,Chinese
志伟,Zhìwěi,M,Chinese
宗翰,Zōnghàn,M,Chinese
ზურაბი,Zurabi,M,Georgian
Adam,,M,Polish
Adèle,,F,French
Adrian,,M,Polish
Adrien,,M,French
Adrienne,,F,French
Agata,,F,Polish
Agrippa,,M,Latin
Ahmet,,M,Turkish
Aigars,,M,Latvian
Aija,,F,Latvian
Aimée,,F,French
Aino,,F,Finnish
Ákos,,M,Hungarian
Alain,,M,French
Alan,,M,Polish
Alba,,F,Spanish
Albert,,M,English
Alejandro,,M,Spanish
Aleksander,,M,Polish
Aleksandra,,F,Polish
Aleksandrs,,M,Latvian
Aleksi,,M,Finnish
Alexandre,,M,French
Alexandrie,,F,French
Alfred,,M,English
Ali,,M,Turkish
Alice,,F,English
Alicja,,F,Polish
Álvaro,,M,Spanish
Amaury,,M,French
Amelia,,F,Polish
Amélie,,F,French
Ana,,F,Spanish
Ana María,,F,Spanish
Anders,,M,Danish
András,,M,Hungarian
André,,M,French
Andrea,,F,Spanish
Andreas,,M,Danish
Andrée,,F,French
Andrew,,M,English
Andri,,M,Icelandic
Andris,,M,Latvian
Andrzej,,M,Polish
Ángel,,M,Spanish
Angela,,F,English
Anh,,F,Vietnamese
Ánh,,N,Vietnamese
Anikó,,F,Hungarian
Anita,,F,Finnish
Anita,,F,Latvian
Anja,,F,Finnish
Anna,,F,Danish
Anna,,F,English
Anna,,F,Finnish
Anna,,F,Hungarian
Anna,,F,Icelandic
Anna,,F,Latvian
Anna,,F,Polish
Annamária,,F,Hungarian
Anne,,F,Danish
Anne,,F,English
Anne,,F,Finnish
Anne,,F,French
Anneli,,F,Finnish
Annika,,F,Finnish
Annikki,,F,Finnish
Antero,,M,Finnish
Anthony,,M,English
Antoine,,M,French
Antoinette,,F,French
Antoni,,M,Polish
Antonia,,F,Spanish
Antonina,,F,Polish
Antonio,,M,Spanish
Antti,,M,Finnish
Appia,,F,Latin
Appius,,M,Latin
Ari,,M,Finnish
Arnar,,M,Icelandic
Árni,,M,Icelandic
Aron,,M,Icelandic
Árpád,,M,Hungarian
Arthur,,M,English
Ásdís,,F,Icelandic
Ásta,,F,Icelandic
Auður,,F,Icelandic
Auguste,,M,French
Aula,,F,Latin
Aulus,,M,Latin
Aurélie,,F,French
Ayşe,,F,Turkish
Azra,,F,Turkish
Balázs,,M,Hungarian
Bálint,,M,Hungarian
Bảo,,M,Vietnamese
Barbara,,F,Hungarian
Barbara,,F,Polish
Bartłomiej,,M,Polish
Bartosz,,M,Polish
Beatriz,,F,Spanish
Béla,,M,Hungarian
Belinay,,F,Turkish
Benjamin,,M,French
Benoît,,M,French
Bente,,F,Danish
Berat,,M,Turkish
Berglind,,F,Icelandic
Bernadette,,F,French
Bernard,,M,English
Bernard,,M,French
Bertrand,,M,French
Bianka,,F,Hungarian
Bích,,F,Vietnamese
Birgir,,M,Icelandic
Birgit,,F,Danish
Birthe,,F,Danish
Bjarne,,M,Danish
Bjarni,,M,Icelandic
Björn,,M,Icelandic
Blanka,,F,Polish
Błażej,,M,Polish
Bo,,M,Danish
Bodil,,F,Danish
Boglárka,,F,Hungarian
Bolesław,,M,Polish
Brian,,M,English
Brigitte,,F,French
Bryndís,,F,Icelandic
Caeso,,M,Latin
Caesula,,F,Latin
Camilla,,F,Danish
Carl,,M,English
Carlos,,M,Spanish
Carmen,,F,Spanish
Caroline,,F,French
Carsten,,M,Danish
Catherine,,F,English
Catherine,,F,French
Cécile,,F,French
Cecilie,,F,Danish
Charles,,M,English
Charles,,M,French
Charlotte,,F,Danish
Charlotte,,F,French
Christian,,M,Danish
Christine,,F,French
Christophe,,M,French
Christopher,,M,English
Claire,,F,French
Clara,,F,English
Clarence,,M,English
Claude,,N,French
Claudine,,F,French
Clémence,,F,French
Colette,,F,French
Concepción,,F,Spanish
Công,,M,Vietnamese
Constance,,F,French
Corinne,,F,French
Cristina,,F,Spanish
Csaba,,M,Hungarian
Cúc,,F,Vietnamese
Cương,,M,Vietnamese
Cường,,M,Vietnamese
Dace,,F,Latvian
Damian,,M,Polish
Danh,,M,Vietnamese
Daniel,,M,English
Daniel,,M,French
Daniel,,M,Polish
Daniel,,M,Spanish
Daníel,,M,Icelandic
Danielle,,F,French
Daria,,F,Polish
David,,M,English
David,,M,French
David,,M,Spanish
Davíð,,M,Icelandic
Dawid,,M,Polish
Decima,,F,Latin
Decimus,,M,Latin
Dénes,,M,Hungarian
Denis,,M,French
Denise,,F,French
Dezső,,M,Hungarian
Diāna,,F,Latvian
Diane,,F,French
Didier,,M,French
Diễm,,F,Vietnamese
Dolores,,F,Spanish
Dominik,,M,Polish
Dominika,,F,Polish
Dominique,,N,French
Donald,,M,English
Dorina,,F,Hungarian
Dorothy,,F,English
Dorthe,,F,Danish
Ðức,,M,Vietnamese
Dung,,F,Vietnamese
Dũng,,M,Vietnamese
Dương,,M,Vietnamese
Duy,,M,Vietnamese
Ecrin,,F,Turkish
Edgars,,M,Latvian
Edmund,,M,English
Édouard,,M,French
Edward,,M,English
Eero,,M,Finnish
Eeva,,F,Finnish
Eija,,F,Finnish
Eila,,F,Finnish
Einar,,M,Icelandic
Ela,,F,Turkish
Eleanor,,F,English
Éléonore,,F,French
Elif,,F,Turkish
Elín,,F,Icelandic
Elina,,F,Finnish
Elisabet,,F,Finnish
Elísabet,,F,Icelandic
Élisabeth,,F,French
Élise,,F,French
Elizabeth,,F,English
Ella,,F,English
Else,,F,Danish
Émile,,M,French
Emilia,,F,Finnish
Emilia,,F,Polish
Emilie,,F,Danish
Émilie,,F,French
Emily,,F,English
Emine,,F,Turkish
Emir,,M,Turkish
Emirhan,,M,Turkish
Emma,,F,English
Enikő,,F,Hungarian
Ensio,,M,Finnish
Erik,,M,Danish
Erik,,M,Finnish
Erkki,,M,Finnish
Erla,,F,Icelandic
Ernő,,M,Hungarian
Erzsébet,,F,Hungarian
Esther,,F,English
Étienne,,M,French
Eugene,,M,English
Eugène,,M,French
Eva,,F,English
Eva,,F,Icelandic
Eveliina,,F,Finnish
Evelyn,,F,English
Eymen,,M,Turkish
Fabian,,M,Polish
Fatma,,F,Turkish
Fausta,,F,Latin
Faustus,,M,Latin
Ferenc,,M,Hungarian
Filip,,M,Polish
Flemming,,M,Danish
Florence,,F,English
Frances,,F,English
Francis,,N,French
Francisca,,F,Spanish
Francisco,,M,Spanish
Franciszek,,M,Polish
François,,M,French
Françoise,,F,French
Frank,,M,English
Fred,,M,English
Frédéric,,M,French
Gábor,,M,Hungarian
Gabriel,,M,French
Gabriel,,M,Polish
Gabriela,,F,Polish
Gabrielle,,F,French
Gaia,,F,Latin
Gaius,,M,Latin
Gấm,,F,Vietnamese
Geneviève,,F,French
George,,M,English
Georges,,M,French
Georgia,,F,English
Gérard,,M,French
Giang,,M,Vietnamese
Gilles,,M,French
Gísli,,M,Icelandic
Gladys,,F,English
Gnaea,,F,Latin
Gnaeus,,M,Latin
Grace,,F,English
Grégoire,,M,French
Guðbjörg,,F,Icelandic
Guðjón,,M,Icelandic
Guðmundur,,M,Icelandic
Guðný,,F,Icelandic
Guðrún,,F,Icelandic
Guillaume,,M,French
Gunārs,,M,Latvian
Gunnar,,M,Icelandic
Guy,,M,French
Gyöngyi,,F,Hungarian
György,,M,Hungarian
Győző,,M,Hungarian
Hải,,M,Vietnamese
Hajnal,,F,Hungarian
Halldór,,M,Icelandic
Hạnh,,F,Vietnamese
Hanna,,F,Finnish
Hanna,,F,Polish
Hanne,,F,Danish
Hannele,,F,Finnish
Hannu,,M,Finnish
Hans,,M,Danish
Harold,,M,English
Harri,,M,Finnish
Hasan,,M,Turkish
Hatice,,F,Turkish
Hazel,,F,English
Heidi,,F,Finnish
Heikki,,M,Finnish
Helen,,F,English
Helena,,F,Finnish
Hélène,,F,French
Helga,,F,Icelandic
Helgi,,M,Icelandic
Helle,,F,Danish
Henning,,M,Danish
Henri,,M,French
Henriette,,F,French
Henrik,,M,Danish
Henrik,,M,Finnish
Henry,,M,English
Herbert,,M,English
Hiền,,F,Vietnamese
Hiếu,,M,Vietnamese
Hildur,,F,Icelandic
Hoa,,F,Vietnamese
Hoài,,M,Vietnamese
Honoré,,M,French
Hosta,,F,Latin
Hostus,,M,Latin
Hrafnhildur,,F,Icelandic
Hubert,,M,Polish
Hugues,,M,French
Hulda,,F,Icelandic
Hùng,,M,Vietnamese
Hương,,F,Vietnamese
Hüseyin,,M,Turkish
Huyền,,F,Vietnamese
Ibrahim,,M,Turkish
Ieva,,F,Latvian
Iga,,F,Polish
Igor,,M,Polish
Ilmari,,M,Finnish
Ilona,,F,Hungarian
Imre,,M,Hungarian
Inese,,F,Latvian
Inga,,F,Icelandic
Inga,,F,Latvian
Inge,,F,Danish
Inger,,F,Danish
Ingibjörg,,F,Icelandic
Inkeri,,F,Finnish
Irene,,F,English
Irene,,F,Finnish
Íris,,F,Icelandic
Irmeli,,F,Finnish
Isabel,,F,Spanish
Isabelle,,F,French
İsmail,,M,Turkish
István,,M,Hungarian
Ivars,,M,Latvian
Iveta,,F,Latvian
Izabela,,F,Polish
Jaakko,,M,Finnish
Jaana,,F,Finnish
Jacqueline,,F,French
Jacques,,M,French
Jagoda,,F,Polish
Jakub,,M,Polish
James,,M,English
Jan,,M,Danish
Jan,,M,Polish
Jane,,F,Danish
Jani,,M,Finnish
Jānis,,M,Latvian
Janne,,M,Finnish
Jari,,M,Finnish
Javier,,M,Spanish
Jean,,M,French
Jeanne,,F,French
Jennifer,,F,English
Jens,,M,Danish
Jérôme,,M,French
Jesper,,M,Danish
Jesús,,M,Spanish
Jette,,F,Danish
Joanna,,F,Polish
Jóhann,,M,Icelandic
Johanna,,F,Finnish
Jóhanna,,F,Icelandic
Johannes,,M,Finnish
Jóhannes,,M,Icelandic
John,,M,English
Jolana,,F,Hungarian
Jón,,M,Icelandic
Jóna,,F,Icelandic
Jonas,,M,Danish
Jorge,,M,Spanish
Jørgen,,M,Danish
Jorma,,M,Finnish
José,,M,Spanish
José Antonio,,M,Spanish
José Luis,,M,Spanish
José Manuel,,M,Spanish
José María,,M,Spanish
Josefa,,F,Spanish
Joseph,,M,English
Josephine,,F,English
Joséphine,,F,French
Joy,,F,English
Juan,,M,Spanish
Juan Carlos,,M,Spanish
Juha,,M,Finnish
Juhani,,M,Finnish
Juho,,M,Finnish
Jukka,,M,Finnish
Julia,,F,English
Julia,,F,Polish
Julien,,M,French
Juliette,,F,French
Juris,,M,Latvian
Jussi,,M,Finnish
Justyna,,F,Polish
Jytte,,F,Danish
Kaarina,,F,Finnish
Kacper,,M,Polish
Kalervo,,M,Finnish
Kalevi,,M,Finnish
Kálmán,,M,Hungarian
Kamil,,M,Polish
Kamila,,F,Polish
Karen,,F,Danish
Karen,,F,English
Kari,,M,Finnish
Karin,,F,Danish
Karl,,M,Icelandic
Kārlis,,M,Latvian
Karol,,M,Polish
Karoliina,,F,Finnish
Karolina,,F,Polish
Károly,,M,Hungarian
Katariina,,F,Finnish
Katarzyna,,F,Polish
Katherine,,F,English
Katrín,,F,Icelandic
Kazimierz,,M,Polish
Kenneth,,M,English
Kevin,,M,English
Kim,,M,Vietnamese
Kinga,,F,Polish
Kirsten,,F,Danish
Klaudia,,F,Polish
Knud,,M,Danish
Kolbrún,,F,Icelandic
Konrad,,M,Polish
Kornelia,,F,Polish
Kristian,,M,Finnish
Kristiina,,F,Finnish
Kristín,,F,Icelandic
Kristīne,,F,Latvian
Kristinn,,M,Icelandic
Kristján,,M,Icelandic
Krystian,,M,Polish
Krzysztof,,M,Polish
Ksawery,,M,Polish
Kurt,,M,Danish
Kyllikki,,F,Finnish
Là,,F,Vietnamese
Lajos,,M,Hungarian
Lâm,,M,Vietnamese
Lan,,F,Vietnamese
Lars,,M,Danish
László,,M,Hungarian
Laura,,F,Danish
Laura,,F,English
Laura,,F,Finnish
Laura,,F,Polish
Laura,,F,Spanish
Laure,,F,French
Laurent,,M,French
Lauri,,M,Finnish
Lawrence,,M,English
Lễ,,M,Vietnamese
Lệ,,F,Vietnamese
Lech,,M,Polish
Leena,,F,Finnish
Lena,,F,Polish
Lene,,F,Danish
Leo,,M,English
Léon,,M,French
Leonard,,M,English
Lewis,,M,English
Līga,,F,Latvian
Liisa,,F,Finnish
Lilja,,F,Icelandic
Lillian,,F,English
Lily,,F,English
Linda,,F,English
Line,,F,Danish
Lisa,,F,English
Loan,,M,Vietnamese
Lone,,F,Danish
Louis,,M,French
Louise,,F,Danish
Louise,,F,English
Louise,,F,French
Lụa,,F,Vietnamese
Lucas,,M,French
Luce,,F,French
Lucia,,F,Latin
Lucía,,F,Spanish
Lucius,,M,Latin
Lucy,,F,English
Luis,,M,Spanish
Lukács,,M,Hungarian
Łukasz,,M,Polish
Maarit,,F,Finnish
Maciej,,M,Polish
Madeleine,,F,French
Mads,,M,Danish
Magdalena,,F,Polish
Magnús,,M,Icelandic
Mai,,F,Vietnamese
Maija,,F,Finnish
Maio,,F,Latin
Maja,,F,Polish
Maksymilian,,M,Polish
Małgorzata,,F,Polish
Malwina,,F,Polish
Mamerca,,F,Latin
Mamercus,,M,Latin
Mania,,F,Latin
Manius,,M,Latin
Manon,,F,French
Manuel,,M,Spanish
Marc,,M,French
Marcel,,M,French
Marcel,,M,Polish
Marcelle,,F,French
Marcia,,F,Latin
Marcin,,M,Polish
Marcus,,M,Latin
Margaret,,F,English
Margaux,,F,French
Margrét,,F,Icelandic
Marguerite,,F,French
Mari,,F,Finnish
Maria,,F,Danish
Maria,,F,Finnish
Maria,,F,Polish
María,,F,Icelandic
María,,F,Spanish
Mária,,F,Hungarian
María Carmen,,F,Spanish
María Dolores,,F,Spanish
María Isabel,,F,Spanish
María José,,F,Spanish
María Pilar,,F,Spanish
María Teresa,,F,Spanish
Marianne,,F,Danish
Marianne,,F,French
Marie,,F,English
Marie,,F,French
Marija,,F,Latvian
Marika,,F,Finnish
Marika,,F,Hungarian
Māris,,M,Latvian
Marita,,F,Finnish
Marja,,F,Finnish
Marjatta,,F,Finnish
Mark,,M,English
Markku,,M,Finnish
Marko,,M,Finnish
Markus,,M,Finnish
Marta,,F,Polish
Marta,,F,Spanish
Martin,,M,Danish
Martin,,M,French
Martín,,M,Spanish
Martine,,F,French
Mārtiņš,,M,Latvian
Martti,,M,Finnish
Martyna,,F,Polish
Mary,,F,English
Maryna,,F,Polish
Marysia,,F,Polish
Maryśka,,F,Polish
Máté,,M,Hungarian
Mateusz,,M,Polish
Mathilde,,F,Danish
Mathilde,,F,French
Matias,,M,Finnish
Matthew,,M,English
Matthieu,,M,French
Matti,,M,Finnish
Maurice,,M,French
Maxima,,F,Latin
Maxime,,N,French
Medea,,F,Hungarian
Mehmet,,M,Turkish
Melissa,,F,English
Meryem,,F,Turkish
Mette,,F,Danish
Mettia,,F,Latin
Mettius,,M,Latin
Michael,,M,Danish
Michael,,M,English
Michał,,M,Polish
Michalina,,F,Polish
Michel,,M,French
Michèle,,F,French
Miervaldis,,M,Latvian
Mieszko,,M,Polish
Miguel,,M,Spanish
Miguel Ángel,,M,Spanish
Mihály,,M,Hungarian
Mika,,M,Finnish
Mikael,,M,Finnish
Miķelis,,M,Latvian
Mikko,,M,Finnish
Miklós,,M,Hungarian
Mikołaj,,M,Polish
Milena,,F,Polish
Miłosz,,M,Polish
Minh,,M,Vietnamese
Minna,,F,Finnish
Mino,,F,Latin
Mirdza,,F,Latvian
Mogens,,M,Danish
Monika,,F,Latvian
Monique,,F,French
Morten,,M,Danish
Muhammed,,M,Turkish
Mustafa,,M,Turkish
Nadia,,F,Polish
Nándor,,M,Hungarian
Natalia,,F,Polish
Nathalie,,F,French
Nehir,,F,Turkish
Nghĩa,,M,Vietnamese
Ngọc,,F,Vietnamese
Nguyệt,,F,Vietnamese
Nhân,,M,Vietnamese
Nhung,,F,Vietnamese
Nicolas,,M,French
Nicole,,F,French
Niels,,M,Danish
Nikodem,,M,Polish
Nikola,,F,Polish
Nina,,F,Polish
Nisanur,,F,Turkish
Noémi,,F,French
Nona,,F,Latin
Nonus,,M,Latin
Numeria,,F,Latin
Numerius,,M,Latin
Oanh,,F,Vietnamese
Octavia,,F,Latin
Octavius,,M,Latin
Odette,,F,French
Ólafur,,M,Icelandic
Olavi,,M,Finnish
Ole,,M,Danish
Olivie,,F,French
Olivier,,M,French
Oliwia,,F,Polish
Oliwier,,M,Polish
Ólöf,,F,Icelandic
Ömer,,M,Turkish
Opiter,,M,Latin
Orsolya,,F,Hungarian
Orvokki,,F,Finnish
Oskar,,M,Polish
Óskar,,M,Icelandic
Oskari,,M,Finnish
Osman,,M,Turkish
Pablo,,M,Spanish
Päivi,,F,Finnish
Páll,,M,Icelandic
Paloma,,F,Hungarian
Pascal,,M,French
Patrice,,M,French
Patricia,,F,French
Patrycja,,F,Polish
Patryk,,M,Polish
Paul,,M,English
Paul,,M,French
Paula,,F,Spanish
Pauliina,,F,Finnish
Paulina,,F,Polish
Pauline,,F,English
Pauline,,F,French
Paulla,,F,Latin
Paullus,,M,Latin
Paweł,,M,Polish
Pedro,,M,Spanish
Pekka,,M,Finnish
Pentti,,M,Finnish
Per,,M,Danish
Peter,,M,Danish
Peter,,M,English
Pēteris,,M,Latvian
Petri,,M,Finnish
Petteri,,M,Finnish
Pétur,,M,Icelandic
Phú,,M,Vietnamese
Pia,,F,Danish
Pierre,,M,French
Pilar,,F,Spanish
Piotr,,M,Polish
Pirjo,,F,Finnish
Pirkko,,F,Finnish
Pola,,F,Polish
Postuma,,F,Latin
Postumus,,M,Latin
Poul,,M,Danish
Preben,,M,Danish
Prima,,F,Latin
Procula,,F,Latin
Proculus,,M,Latin
Publia,,F,Latin
Publius,,M,Latin
Quân,,M,Vietnamese
Quang,,M,Vietnamese
Quarta,,F,Latin
Quinta,,F,Latin
Quintus,,M,Latin
Quý,,M,Vietnamese
Rafael,,M,Spanish
Rafał,,M,Polish
Ragnar,,M,Icelandic
Ragnheiður,,F,Icelandic
Raija,,F,Finnish
Raimo,,M,Finnish
Ramón,,M,Spanish
Raquel,,F,Spanish
Rasmus,,M,Danish
Raymond,,M,English
Rebecca,,F,English
Réka,,F,Hungarian
Rémy,,M,French
René,,M,French
Renée,,F,French
Rezső,,M,Hungarian
Richard,,M,English
Riitta,,F,Finnish
Risto,,M,Finnish
Rita,,F,Latvian
Ritva,,F,Finnish
Robert,,M,English
Robert,,M,French
Roger,,M,English
Roksana,,F,Polish
Roland,,M,French
Rose,,F,English
Roy,,M,English
Ruby,,F,English
Russell,,M,English
Ruth,,F,English
Sakari,,M,Finnish
Sami,,M,Finnish
Samuel,,M,English
Samuli,,M,Finnish
Sándor,,M,Hungarian
Sandra,,F,Latvian
Sandra,,F,Polish
Sáng,,M,Vietnamese
Sanna,,F,Finnish
Sara,,F,Icelandic
Sara,,F,Spanish
Sarah,,F,English
Sari,,F,Finnish
Satu,,F,Finnish
Sebastian,,M,Polish
Sébastien,,M,French
Secunda,,F,Latin
Seija,,F,Finnish
Seppo,,M,Finnish
Septima,,F,Latin
Septimus,,M,Latin
Sergio,,M,Spanish
Şerife,,F,Turkish
Sertor,,M,Latin
Servia,,F,Latin
Servius,,M,Latin
Sexta,,F,Latin
Sextus,,M,Latin
Sigríður,,F,Icelandic
Sigrún,,F,Icelandic
Sigurður,,M,Icelandic
Simon,,M,Danish
Simone,,F,French
Sinikka,,F,Finnish
Sirpa,,F,Finnish
Sisko,,F,Finnish
Sofia,,F,Finnish
Sólveig,,F,Icelandic
Sơn,,M,Vietnamese
Sonia,,F,Spanish
Sophie,,F,French
Søren,,M,Danish
Spuria,,F,Latin
Spurius,,M,Latin
Stanisław,,M,Polish
Statia,,F,Latin
Statius,,M,Latin
Stefán,,M,Icelandic
Stefania,,F,Hungarian
Steinunn,,F,Icelandic
Stéphane,,M,French
Stéphanie,,F,French
Steven,,M,English
Sultan,,F,Turkish
Susan,,F,English
Susanna,,F,Finnish
Susanne,,F,Danish
Sveinn,,M,Icelandic
Svend,,M,Danish
Sylvie,,F,French
Szilárd,,M,Hungarian
Szymon,,M,Polish
Tadeusz,,M,Polish
Tài,,M,Vietnamese
Tapani,,M,Finnish
Tapio,,M,Finnish
Tarja,,F,Finnish
Tellervo,,F,Finnish
Tertia,,F,Latin
Thanh,,N,Vietnamese
Thảo,,F,Vietnamese
Théodore,,M,French
Theresa,,F,English
Thérèse,,F,French
Thibaut,,M,French
Thierry,,M,French
Thomas,,M,Danish
Thomas,,M,English
Thomas,,M,French
Thông,,M,Vietnamese
Thúy,,F,Vietnamese
Tiberia,,F,Latin
Tiberius,,M,Latin
Tiina,,F,Finnish
Timo,,M,Finnish
Timothée,,M,French
Timothy,,M,English
Tín,,M,Vietnamese
Tina,,F,Danish
Titia,,F,Latin
Titus,,M,Latin
Tobias,,M,Danish
Tomás,,M,Spanish
Tomasz,,M,Polish
Tove,,F,Danish
Trân,,F,Vietnamese
Trang,,F,Vietnamese
Tráng,,M,Vietnamese
Trí,,M,Vietnamese
Trung,,M,Vietnamese
Tuấn,,M,Vietnamese
Tuệ,,M,Vietnamese
Tulla,,F,Latin
Tullus,,M,Latin
Tünde,,F,Hungarian
Tuomas,,M,Finnish
Tuula,,F,Finnish
Tuulikki,,F,Finnish
Tymoteusz,,M,Polish
Uldis,,M,Latvian
Ulla,,F,Danish
Unnur,,F,Icelandic
Valdis,,M,Latvian
Valérie,,F,French
Valtteri,,M,Finnish
Vân,,F,Vietnamese
Veikko,,M,Finnish
Verónica,,F,Spanish
Vibia,,F,Latin
Vibius,,M,Latin
Victor,,M,French
Victoria,,F,English
Ville,,M,Finnish
Vincent,,M,French
Virág,,F,Hungarian
Virginia,,F,English
Virginie,,F,French
Volesus,,M,Latin
Volusa,,F,Latin
Vopisca,,F,Latin
Vopiscus,,M,Latin
Walter,,M,English
Weronika,,F,Polish
Wiktor,,M,Polish
Wiktoria,,F,Polish
William,,M,English
Witold,,M,Polish
Władysław,,M,Polish
Wojciech,,M,Polish
Xavier,,M,French
Yağmur,,F,Turkish
Yến,,F,Vietnamese
Yusuf,,M,Turkish
Yves,,M,French
Zehra,,F,Turkish
Zeynep,,F,Turkish
Zigrīda,,F,Latvian
Zofia,,F,Polish
Zoltán,,M,Hungarian
Zsófia,,F,Hungarian
Zuzanna,,F,Polish
Þór,,M,Icelandic
Þóra,,F,Icelandic
Þorsteinn,,M,Icelandic
Þórunn,,F,Icelandic
